{
  "true_opt_on_true": {
    "mean": 132.28152263959814,
    "std": 9.104066832101962
  },
  "nominal_on_true": {
    "mean": 3353.1028627816463,
    "std": 456.70932149786034
  },
  "cpc_on_true": {
    "mean": 3353.0809816862375,
    "std": 456.6992426312916
  },
  "paired_ttest_robust_lt_nominal": {
    "t": -4.180464653494144,
    "p": 0.006956544303065448
  }
}