{
  "true_opt_on_true": {
    "mean": 5.972655805882367,
    "std": 0.4783334575582842
  },
  "nominal_on_true": {
    "mean": 8.98082934937772,
    "std": 0.8141825147821241
  },
  "cpc_on_true": {
    "mean": 8.980821794764491,
    "std": 0.8141818637700258
  },
  "paired_ttest_robust_lt_nominal": {
    "t": -14.223923448571316,
    "p": 7.093604808158307e-05
  }
}